0,1
charlotte_1157048364236480511_20160107.jpg,charlotte_1157149577280087711_20160107.jpg
charlotte_1157049981442661400_20160107.jpg,charlotte_1157150018948687530_20160107.jpg
charlotte_1170435061632041947_20160125.jpg,charlotte_1170451745598291295_20160125.jpg
charlotte_1179388605846809636_20160207.jpg,charlotte_1179413502755209381_20160207.jpg
charlotte_1200831153905200285_20160307.jpg,charlotte_1200832132678693257_20160307.jpg
charlotte_1271816757262456868_20160613.jpg,charlotte_1289236977262467897_20160707.jpg
charlotte_1302906331153795320_20160726.jpg,charlotte_1309689924035177889_20160804.jpg
charlotte_1302906331153795320_20160726.jpg,charlotte_1310818549920926545_20160806.jpg
charlotte_1302906331153795320_20160726.jpg,charlotte_1312308219020294565_20160808.jpg
charlotte_1302906331153795320_20160726.jpg,charlotte_1313058487890503777_20160809.jpg
charlotte_1302906331153795320_20160726.jpg,charlotte_1313779678498433727_20160810.jpg
charlotte_1302906331153795320_20160726.jpg,charlotte_1313985117429242692_20160810.jpg
charlotte_1302906331153795320_20160726.jpg,charlotte_1321174199314054049_20160820.jpg
charlotte_1302906331153795320_20160726.jpg,charlotte_1325267837920905579_20160826.jpg
charlotte_1302906331153795320_20160726.jpg,charlotte_1327576872057655082_20160829.jpg
charlotte_1430558684266625489_20170118.jpg,charlotte_1440605624957958261_20170201.jpg
charlotte_1495181217820154785_20170417.jpg,charlotte_1495962293333419840_20170418.jpg
charlotte_1526517530133288861_20170531.jpg,charlotte_1527940616947605545_20170602.jpg
charlotte_1529649096099605466_20170604.jpg,charlotte_1529840636609282375_20170604.jpg
charlotte_1581512431233671050_20170814.jpg,charlotte_1581582300402134363_20170815.jpg
charlotte_1572813807510989328_20170802.jpg,charlotte_1583649235159685173_20170817.jpg
charlotte_1573443081340393557_20170803.jpg,charlotte_1602215136965598201_20170912.jpg
charlotte_1546125187204152069_20170627.jpg,charlotte_1633071671652171757_20171025.jpg
charlotte_1612402387309679555_20170926.jpg,charlotte_1647955738151356459_20171114.jpg
charlotte_1695840530860061589_20180119.jpg,charlotte_1695841321930834531_20180119.jpg
charlotte_1736616178381269817_20180316.jpg,charlotte_1737471399592626746_20180318.jpg
charlotte_1742973559839130768_20180325.jpg,charlotte_1742973813754026195_20180325.jpg
charlotte_1742973559839130768_20180325.jpg,charlotte_1742973987674925176_20180325.jpg
charlotte_1736616178381269817_20180316.jpg,charlotte_1755077110480227362_20180411.jpg
charlotte_1763179851547612123_20180422.jpg,charlotte_1763180259024277186_20180422.jpg
charlotte_1779530468008253813_20180515.jpg,charlotte_1779784162180196166_20180515.jpg
charlotte_1779530468008253813_20180515.jpg,charlotte_1779966334962988615_20180515.jpg
charlotte_1799745713934836636_20180612.jpg,charlotte_1800007292182042007_20180612.jpg
charlotte_1799794023752172547_20180612.jpg,charlotte_1800800141071620321_20180613.jpg
charlotte_1818710872542018025_20180708.jpg,charlotte_1818912096416698208_20180708.jpg
charlotte_1818710872542018025_20180708.jpg,charlotte_1819019655609845651_20180708.jpg
charlotte_1818710872542018025_20180708.jpg,charlotte_1819019941475593564_20180708.jpg
charlotte_1819937122438710573_20180709.jpg,charlotte_1819937370632640058_20180709.jpg
charlotte_1825435282879719679_20180717.jpg,charlotte_1825811486430348518_20180718.jpg
charlotte_1672733466279947439_20171218.jpg,charlotte_1832695578671106263_20180727.jpg
charlotte_1935393384144604885_20181216.jpg,charlotte_1936088991100467143_20181217.jpg
charlotte_1573443081340393557_20170803.jpg,charlotte_1941213189586555615_20181224.jpg
charlotte_1942123797705877077_20181225.jpg,charlotte_1942167587414030869_20181225.jpg
chicago_1202553176634064083_20160310.jpg,chicago_1203074400656558928_20160310.jpg
chicago_1106099599766599068_20151029.jpg,chicago_1215801302227307422_20160328.jpg
chicago_1244457661022122638_20160506.jpg,chicago_1244862266788851988_20160507.jpg
chicago_1238344313382504888_20160428.jpg,chicago_1280600789194122397_20160625.jpg
chicago_1384843118301777653_20161116.jpg,chicago_1445659307260688059_20170208.jpg
chicago_1470620299924894059_20170314.jpg,chicago_1470620629128749262_20170314.jpg
chicago_1469084333612408394_20170312.jpg,chicago_1481113282542033512_20170329.jpg
chicago_1500015153297853720_20170424.jpg,chicago_1500026025638936690_20170424.jpg
chicago_1522023539799002452_20170524.jpg,chicago_1525665356966030217_20170529.jpg
chicago_1552325407914331563_20170705.jpg,chicago_1552326002826144234_20170705.jpg
chicago_1638518629397897435_20171101.jpg,chicago_1638519137360043351_20171101.jpg
chicago_1707475865749127784_20180204.jpg,chicago_1708839622473049216_20180206.jpg
chicago_1707475865749127784_20180204.jpg,chicago_1711185404576491130_20180209.jpg
chicago_1736083490589489997_20180316.jpg,chicago_1736085290088470215_20180316.jpg
chicago_1736084298261492569_20180316.jpg,chicago_1736085722655473022_20180316.jpg
chicago_1238783082824231212_20160429.jpg,chicago_1740644255704900423_20180322.jpg
chicago_1773675217367132764_20180507.jpg,chicago_1773720198971194038_20180507.jpg
cleveland_1099950445618181534_20151020.jpg,cleveland_1100691377414125452_20151021.jpg
cleveland_1172523888282739896_20160128.jpg,cleveland_1197132281328739920_20160302.jpg
cleveland_1245447117030744994_20160508.jpg,cleveland_1245448030459275840_20160508.jpg
cleveland_1278639321539638948_20160623.jpg,cleveland_1278789956905488645_20160623.jpg
cleveland_1355057741135214459_20161006.jpg,cleveland_1355067734098716290_20161006.jpg
cleveland_1391658813823724770_20161126.jpg,cleveland_1407583512185378261_20161217.jpg
cleveland_1391658813823724770_20161126.jpg,cleveland_1440827823271427315_20170201.jpg
cleveland_1531675315045476237_20170607.jpg,cleveland_1531678299896655663_20170607.jpg
cleveland_1534473738267251302_20170611.jpg,cleveland_1617759496587019269_20171003.jpg
cleveland_1649466476698419057_20171116.jpg,cleveland_1650215095059773138_20171117.jpg
cleveland_1649486600264366825_20171116.jpg,cleveland_1652939662475782923_20171121.jpg
cleveland_1640061765865657024_20171103.jpg,cleveland_1653217438805951090_20171121.jpg
cleveland_1654766458456147151_20171124.jpg,cleveland_1654767231258339077_20171124.jpg
cleveland_1651591433360491815_20171119.jpg,cleveland_1658738960388013421_20171129.jpg
cleveland_1651591433360491815_20171119.jpg,cleveland_1660255819507628182_20171201.jpg
cleveland_1651591433360491815_20171119.jpg,cleveland_1662510258394113593_20171204.jpg
cleveland_1651591433360491815_20171119.jpg,cleveland_1663108031506107702_20171205.jpg
cleveland_1651591433360491815_20171119.jpg,cleveland_1665254988701962496_20171208.jpg
cleveland_1651591433360491815_20171119.jpg,cleveland_1667452334940441324_20171211.jpg
cleveland_1683702445752335054_20180102.jpg,cleveland_1684274111007726425_20180103.jpg
cleveland_1651591433360491815_20171119.jpg,cleveland_1688449370636619239_20180109.jpg
cleveland_1699701199719907206_20180125.jpg,cleveland_1699702104622441263_20180125.jpg
chicago_1086124137643459658_20151001.jpg,houston_1086124397252951312_20151001.jpg
houston_1148438059688277555_20151226.jpg,houston_1148619513550485402_20151226.jpg
houston_1084097667685146351_20150928.jpg,houston_1179873428651629945_20160207.jpg
houston_1205187680311796457_20160313.jpg,houston_1213574666131132204_20160325.jpg
houston_1199646639849963985_20160306.jpg,houston_1230758794447782079_20160418.jpg
houston_1250560591872483967_20160515.jpg,houston_1257003133983875710_20160524.jpg
houston_1257324362396860683_20160524.jpg,houston_1257324364702805259_20160524.jpg
houston_1257324362396860683_20160524.jpg,houston_1258014928285729617_20160525.jpg
houston_1257324362396860683_20160524.jpg,houston_1258014931808022253_20160525.jpg
houston_1257324362396860683_20160524.jpg,houston_1258729115362263054_20160526.jpg
houston_1257324362396860683_20160524.jpg,houston_1258729116376362573_20160526.jpg
houston_1257324362396860683_20160524.jpg,houston_1260231515331887585_20160528.jpg
houston_1257324362396860683_20160524.jpg,houston_1260231519240056768_20160528.jpg
houston_1257324362396860683_20160524.jpg,houston_1260946732160385080_20160529.jpg
houston_1257324362396860683_20160524.jpg,houston_1260946734466330030_20160529.jpg
houston_1257324362396860683_20160524.jpg,houston_1261638795893932891_20160530.jpg
houston_1257324362396860683_20160524.jpg,houston_1261638802536787404_20160530.jpg
houston_1257324362396860683_20160524.jpg,houston_1262303176825892494_20160531.jpg
houston_1257324362396860683_20160524.jpg,houston_1262303180115149386_20160531.jpg
houston_1257324362396860683_20160524.jpg,houston_1262993236840678004_20160601.jpg
houston_1257324362396860683_20160524.jpg,houston_1262993244221729986_20160601.jpg
houston_1257324362396860683_20160524.jpg,houston_1263655096610980303_20160602.jpg
houston_1257324362396860683_20160524.jpg,houston_1263655101030854325_20160602.jpg
houston_1257324362396860683_20160524.jpg,houston_1264318963691291312_20160603.jpg
houston_1257324362396860683_20160524.jpg,houston_1264318964621503593_20160603.jpg
houston_1257324362396860683_20160524.jpg,houston_1265166061927263857_20160604.jpg
houston_1257324362396860683_20160524.jpg,houston_1265166067103957720_20160604.jpg
houston_1257324362396860683_20160524.jpg,houston_1265827923871138499_20160605.jpg
houston_1257324362396860683_20160524.jpg,houston_1265827928584612908_20160605.jpg
houston_1257324362396860683_20160524.jpg,houston_1266976483571527054_20160606.jpg
houston_1257324362396860683_20160524.jpg,houston_1268949468244083599_20160609.jpg
houston_1257324362396860683_20160524.jpg,houston_1268949781020798618_20160609.jpg
houston_1257324362396860683_20160524.jpg,houston_1271374920422261190_20160613.jpg
houston_1257324362396860683_20160524.jpg,houston_1271374925790047476_20160613.jpg
houston_1257324362396860683_20160524.jpg,houston_1273219569549176529_20160615.jpg
houston_1257324362396860683_20160524.jpg,houston_1273219573652128284_20160615.jpg
houston_1257324362396860683_20160524.jpg,houston_1275006897976373086_20160618.jpg
houston_1257324362396860683_20160524.jpg,houston_1275006897985683505_20160618.jpg
houston_1257324362396860683_20160524.jpg,houston_1275738218869555963_20160619.jpg
houston_1257324362396860683_20160524.jpg,houston_1275738221158722687_20160619.jpg
houston_1257324362396860683_20160524.jpg,houston_1276503252628532776_20160620.jpg
houston_1257324362396860683_20160524.jpg,houston_1276503254240067792_20160620.jpg
houston_1257324362396860683_20160524.jpg,houston_1277445121517552470_20160621.jpg
houston_1257324362396860683_20160524.jpg,houston_1277445184011758597_20160621.jpg
houston_1257324362396860683_20160524.jpg,houston_1278863277951812489_20160623.jpg
houston_1257324362396860683_20160524.jpg,houston_1278863282120027287_20160623.jpg
houston_1257324362396860683_20160524.jpg,houston_1284215019525878171_20160630.jpg
houston_1257324362396860683_20160524.jpg,houston_1284215048440708107_20160630.jpg
houston_1257324362396860683_20160524.jpg,houston_1284978574440670529_20160701.jpg
houston_1257324362396860683_20160524.jpg,houston_1284978576135647435_20160701.jpg
houston_1257324362396860683_20160524.jpg,houston_1285749675311599966_20160702.jpg
houston_1257324362396860683_20160524.jpg,houston_1285749677761587331_20160702.jpg
houston_1257324362396860683_20160524.jpg,houston_1286498624091776973_20160703.jpg
houston_1257324362396860683_20160524.jpg,houston_1286498624813742945_20160703.jpg
houston_1257324362396860683_20160524.jpg,houston_1287258136537475187_20160704.jpg
houston_1257324362396860683_20160524.jpg,houston_1287258138751702944_20160704.jpg
houston_1257324362396860683_20160524.jpg,houston_1288380987017262770_20160706.jpg
houston_1257324362396860683_20160524.jpg,houston_1288380988905211767_20160706.jpg
houston_1257324362396860683_20160524.jpg,houston_1289159123212772338_20160707.jpg
houston_1257324362396860683_20160524.jpg,houston_1289159125074501886_20160707.jpg
houston_1257324362396860683_20160524.jpg,houston_1295435476421057444_20160716.jpg
houston_1257324362396860683_20160524.jpg,houston_1295447762167144263_20160716.jpg
houston_1257324362396860683_20160524.jpg,houston_1296165849896311071_20160717.jpg
houston_1257324362396860683_20160524.jpg,houston_1296165856740877649_20160717.jpg
houston_1257324362396860683_20160524.jpg,houston_1296913737710441136_20160718.jpg
houston_1257324362396860683_20160524.jpg,houston_1296913739555329029_20160718.jpg
houston_1257324362396860683_20160524.jpg,houston_1300979995976391538_20160723.jpg
houston_1257324362396860683_20160524.jpg,houston_1300979996479067734_20160723.jpg
houston_1257324362396860683_20160524.jpg,houston_1301750581400871680_20160724.jpg
houston_1257324362396860683_20160524.jpg,houston_1301750582113282970_20160724.jpg
houston_1257324362396860683_20160524.jpg,houston_1302515627298962496_20160726.jpg
houston_1257324362396860683_20160524.jpg,houston_1302515630276587617_20160726.jpg
houston_1257324362396860683_20160524.jpg,houston_1303828795153469603_20160727.jpg
houston_1257324362396860683_20160524.jpg,houston_1303828795203445669_20160727.jpg
houston_1250560591872483967_20160515.jpg,houston_1308503365348919991_20160803.jpg
houston_1328019466407310182_20160830.jpg,houston_1328019628902925502_20160830.jpg
houston_1275949603621528510_20160619.jpg,houston_1335315619838876083_20160909.jpg
houston_1340607870764589345_20160916.jpg,houston_1340608221333641635_20160916.jpg
houston_1340607870764589345_20160916.jpg,houston_1340608482319408195_20160916.jpg
houston_1340607870764589345_20160916.jpg,houston_1340608785676593248_20160916.jpg
houston_1340607870764589345_20160916.jpg,houston_1340611094548477605_20160916.jpg
houston_1340607870764589345_20160916.jpg,houston_1340615095067397297_20160916.jpg
houston_1340607870764589345_20160916.jpg,houston_1340623096213759013_20160916.jpg
houston_1350394686099386008_20160930.jpg,houston_1350425106211784228_20160930.jpg
houston_1348627038135046224_20160927.jpg,houston_1352301807036504608_20161002.jpg
houston_1343301404139690911_20160920.jpg,houston_1405599828532090112_20161215.jpg
charlotte_1480337260779827698_20170328.jpg,houston_1409138956520250265_20161220.jpg
houston_1409746649354332726_20161220.jpg,houston_1409746893344423591_20161220.jpg
houston_1421245002126544228_20170105.jpg,houston_1421245210843547344_20170105.jpg
houston_1425464450441368896_20170111.jpg,houston_1433200936067428718_20170122.jpg
houston_1435192447709697800_20170125.jpg,houston_1441036905097273246_20170202.jpg
houston_1448021895462979248_20170211.jpg,houston_1448022144889175006_20170211.jpg
houston_1448021895462979248_20170211.jpg,houston_1448638337623280307_20170212.jpg
houston_1448021895462979248_20170211.jpg,houston_1448775294978438513_20170212.jpg
houston_1448021895462979248_20170211.jpg,houston_1448851075448489298_20170212.jpg
houston_1448021895462979248_20170211.jpg,houston_1449482855692264132_20170213.jpg
houston_1448021895462979248_20170211.jpg,houston_1449604097795599075_20170213.jpg
houston_1448021895462979248_20170211.jpg,houston_1450244028998075532_20170214.jpg
houston_1448021895462979248_20170211.jpg,houston_1450811321733866173_20170215.jpg
houston_1448021895462979248_20170211.jpg,houston_1451015802643686371_20170215.jpg
houston_1448021895462979248_20170211.jpg,houston_1451688357703923736_20170216.jpg
houston_1448723669621814428_20170212.jpg,houston_1451726978779790120_20170216.jpg
houston_1448021895462979248_20170211.jpg,houston_1452260815045608785_20170217.jpg
houston_1448021895462979248_20170211.jpg,houston_1452511389972369582_20170217.jpg
houston_1456227413116729393_20170223.jpg,houston_1456616426248010548_20170223.jpg
houston_1456227413116729393_20170223.jpg,houston_1456909235626622428_20170224.jpg
houston_1456227413116729393_20170223.jpg,houston_1457421763016537300_20170224.jpg
houston_1456227413116729393_20170223.jpg,houston_1457422832840714044_20170224.jpg
houston_1425464450441368896_20170111.jpg,houston_1459057728223097933_20170226.jpg
houston_1448723669621814428_20170212.jpg,houston_1464929234693953630_20170307.jpg
houston_1425464450441368896_20170111.jpg,houston_1469799665330579609_20170313.jpg
houston_1439154456574203651_20170130.jpg,houston_1471050521002516022_20170315.jpg
houston_1448723669621814428_20170212.jpg,houston_1472395103573590008_20170317.jpg
houston_1448723669621814428_20170212.jpg,houston_1478560908786853566_20170325.jpg
houston_1448723669621814428_20170212.jpg,houston_1485145638760169030_20170403.jpg
houston_1484524909660214181_20170403.jpg,houston_1485184420871853480_20170404.jpg
houston_1484524909660214181_20170403.jpg,houston_1485929038613702854_20170405.jpg
houston_1484524909660214181_20170403.jpg,houston_1487033522387542435_20170406.jpg
houston_1484524909660214181_20170403.jpg,houston_1487139055782133512_20170406.jpg
houston_1484524909660214181_20170403.jpg,houston_1487338173058147854_20170407.jpg
houston_1488581187982228931_20170408.jpg,houston_1488581486541301722_20170408.jpg
houston_1488581187982228931_20170408.jpg,houston_1488641543731629452_20170408.jpg
houston_1488581187982228931_20170408.jpg,houston_1488754425915919888_20170408.jpg
houston_1488581187982228931_20170408.jpg,houston_1489187587125105447_20170409.jpg
houston_1488581187982228931_20170408.jpg,houston_1489305941282172973_20170409.jpg
houston_1488581187982228931_20170408.jpg,houston_1489520017945984748_20170410.jpg
houston_1484524909660214181_20170403.jpg,houston_1489650765281850491_20170410.jpg
houston_1488581187982228931_20170408.jpg,houston_1489927380721189867_20170410.jpg
houston_1484524909660214181_20170403.jpg,houston_1489927741741508275_20170410.jpg
houston_1488581187982228931_20170408.jpg,houston_1490029141750431790_20170410.jpg
houston_1488581187982228931_20170408.jpg,houston_1490165302472883327_20170410.jpg
houston_1484524909660214181_20170403.jpg,houston_1490165638797260904_20170410.jpg
houston_1488581187982228931_20170408.jpg,houston_1490655864107896595_20170411.jpg
houston_1484524909660214181_20170403.jpg,houston_1490656091422527967_20170411.jpg
houston_1488581187982228931_20170408.jpg,houston_1490815608437256370_20170411.jpg
houston_1488581187982228931_20170408.jpg,houston_1490968888916066972_20170412.jpg
houston_1484524909660214181_20170403.jpg,houston_1490969219595022148_20170412.jpg
houston_1488581187982228931_20170408.jpg,houston_1491486385608167531_20170412.jpg
houston_1488581187982228931_20170408.jpg,houston_1491685588967980074_20170413.jpg
houston_1488581187982228931_20170408.jpg,houston_1492104673665007394_20170413.jpg
houston_1488581187982228931_20170408.jpg,houston_1492235407017061812_20170413.jpg
houston_1488581187982228931_20170408.jpg,houston_1492472680748864978_20170414.jpg
houston_1484524909660214181_20170403.jpg,houston_1492473026208474345_20170414.jpg
houston_1488581187982228931_20170408.jpg,houston_1492964019412279098_20170414.jpg
houston_1493738757927684122_20170415.jpg,houston_1493740469497427704_20170415.jpg
houston_1484524909660214181_20170403.jpg,houston_1494714551630062794_20170417.jpg
houston_1484524909660214181_20170403.jpg,houston_1495007893534152087_20170417.jpg
houston_1484524909660214181_20170403.jpg,houston_1495297680774959649_20170417.jpg
houston_1484524909660214181_20170403.jpg,houston_1495855077225699889_20170418.jpg
houston_1484524909660214181_20170403.jpg,houston_1496468980095937114_20170419.jpg
houston_1484524909660214181_20170403.jpg,houston_1498001282022085890_20170421.jpg
houston_1484524909660214181_20170403.jpg,houston_1498309899329968046_20170422.jpg
houston_1484524909660214181_20170403.jpg,houston_1501126118370039974_20170426.jpg
houston_1496494887405949178_20170419.jpg,houston_1502589523602021684_20170428.jpg
houston_1496494887405949178_20170419.jpg,houston_1505682759015008663_20170502.jpg
houston_1509534905124624357_20170507.jpg,houston_1510210724872332617_20170508.jpg
houston_1509534905124624357_20170507.jpg,houston_1510949085325095721_20170509.jpg
houston_1509534905124624357_20170507.jpg,houston_1512414908715714902_20170511.jpg
houston_1509534905124624357_20170507.jpg,houston_1512584338271888304_20170511.jpg
houston_1509534905124624357_20170507.jpg,houston_1512778492788378447_20170512.jpg
houston_1477310045842405737_20170324.jpg,houston_1512827907948201881_20170512.jpg
houston_1509534905124624357_20170507.jpg,houston_1513124366622130860_20170512.jpg
houston_1496494887405949178_20170419.jpg,houston_1514258410290604007_20170514.jpg
houston_1514297420287344584_20170514.jpg,houston_1514748403395980019_20170514.jpg
houston_1496494887405949178_20170419.jpg,houston_1515546195853224059_20170515.jpg
houston_1525778955435708790_20170530.jpg,houston_1525780384376521913_20170530.jpg
houston_1485065850422941289_20170403.jpg,houston_1528502767222845854_20170602.jpg
houston_1496494887405949178_20170419.jpg,houston_1531824571886748091_20170607.jpg
houston_1521785669839299015_20170524.jpg,houston_1531955362340392771_20170607.jpg
houston_1496494887405949178_20170419.jpg,houston_1535049665689807870_20170611.jpg
houston_1496494887405949178_20170419.jpg,houston_1544334483837560231_20170624.jpg
houston_1496494887405949178_20170419.jpg,houston_1545471089982153020_20170626.jpg
houston_1533579429405809738_20170609.jpg,houston_1556582877428532128_20170711.jpg
houston_1556945818613964807_20170712.jpg,houston_1556974927881814381_20170712.jpg
houston_1514643846561346161_20170514.jpg,houston_1558365875831330270_20170714.jpg
houston_1563323389363652083_20170720.jpg,houston_1564857794875476616_20170722.jpg
houston_1563323389363652083_20170720.jpg,houston_1570329889772864611_20170730.jpg
houston_1563323389363652083_20170720.jpg,houston_1571019710048601173_20170731.jpg
houston_1563323389363652083_20170720.jpg,houston_1571767773235229874_20170801.jpg
houston_1563323389363652083_20170720.jpg,houston_1572018549488408401_20170801.jpg
houston_1563323389363652083_20170720.jpg,houston_1572379901696594191_20170802.jpg
houston_1563323389363652083_20170720.jpg,houston_1574660444446460104_20170805.jpg
houston_1563323389363652083_20170720.jpg,houston_1574660870789063110_20170805.jpg
houston_1563323389363652083_20170720.jpg,houston_1574661797066956804_20170805.jpg
houston_1563323389363652083_20170720.jpg,houston_1574989611637567415_20170805.jpg
houston_1581114767979183016_20170814.jpg,houston_1581115638692574232_20170814.jpg
houston_1563323389363652083_20170720.jpg,houston_1581912004809413387_20170815.jpg
houston_1563323389363652083_20170720.jpg,houston_1587715707604824272_20170823.jpg
houston_1595733189350332356_20170903.jpg,houston_1595734876853003187_20170903.jpg
houston_1602534656501495164_20170912.jpg,houston_1603061948050943427_20170913.jpg
houston_1619874953124106794_20171006.jpg,houston_1621446420806723547_20171009.jpg
houston_1648427123110385617_20171115.jpg,houston_1648615791769198824_20171115.jpg
houston_1659179363576309289_20171130.jpg,houston_1662397692369666092_20171204.jpg
houston_1741143804943237775_20180323.jpg,houston_1741560757298342629_20180323.jpg
chicago_1217028333723172659_20160330.jpg,houston_1755345346118506720_20180411.jpg
houston_1755894946727754269_20180412.jpg,houston_1755896364218177408_20180412.jpg
houston_1716999595898449165_20180217.jpg,houston_1761216018662179960_20180419.jpg
houston_1778944847531267838_20180514.jpg,houston_1778990920197338128_20180514.jpg
houston_1716999595898449165_20180217.jpg,houston_1780705129190027745_20180516.jpg
houston_1780645869832297447_20180516.jpg,houston_1782205039362699921_20180518.jpg
houston_1777100139706461690_20180511.jpg,houston_1786264430577799191_20180524.jpg
houston_1563323389363652083_20170720.jpg,houston_1790019787083276025_20180529.jpg
houston_1796865948404071883_20180608.jpg,houston_1796866309189630779_20180608.jpg
houston_1806715930602843568_20180621.jpg,houston_1806716013188613463_20180621.jpg
houston_1849710905518212324_20180819.jpg,houston_1850040374204843969_20180820.jpg
houston_1851226226041919852_20180822.jpg,houston_1851226358632257429_20180822.jpg
houston_1851226226041919852_20180822.jpg,houston_1851284250496417095_20180822.jpg
houston_1860514554477713252_20180903.jpg,houston_1860981068675361001_20180904.jpg
houston_1862209127030048621_20180906.jpg,houston_1862209843742460905_20180906.jpg
la_1090976822481517905_20151008.jpg,la_1090982013743483884_20151008.jpg
la_1090976822481517905_20151008.jpg,la_1091635245318752858_20151009.jpg
la_1162432181910570114_20160114.jpg,la_1195316689114740126_20160229.jpg
la_1216213267814148159_20160328.jpg,la_1216833490829306369_20160329.jpg
la_1300642786450072787_20160723.jpg,la_1300765656395825837_20160723.jpg
la_1303000995370651200_20160726.jpg,la_1303035605693017798_20160726.jpg
la_1305505009295601387_20160730.jpg,la_1305847223011334195_20160730.jpg
la_1313964086912697760_20160810.jpg,la_1313995302357495406_20160810.jpg
la_1315938571392059635_20160813.jpg,la_1315943637540179362_20160813.jpg
la_1319511212496851014_20160818.jpg,la_1333885862110608069_20160907.jpg
la_1319511212496851014_20160818.jpg,la_1336981423324032933_20160911.jpg
la_1319511212496851014_20160818.jpg,la_1338234393034274791_20160913.jpg
la_1319511212496851014_20160818.jpg,la_1339925827609195080_20160915.jpg
la_1319511212496851014_20160818.jpg,la_1343489081468120595_20160920.jpg
la_1319511212496851014_20160818.jpg,la_1362245574954594135_20161016.jpg
la_1365040748991262658_20161020.jpg,la_1365070976492907538_20161020.jpg
la_1365040748991262658_20161020.jpg,la_1365086100960296544_20161020.jpg
la_1365040748991262658_20161020.jpg,la_1365127253726199470_20161020.jpg
la_1319511212496851014_20160818.jpg,la_1366685104046677846_20161022.jpg
la_1364476158233680252_20161019.jpg,la_1367113273622707828_20161023.jpg
la_1710834279942141138_20180209.jpg,la_1719781062638353511_20180221.jpg
la_1771735629153198383_20180504.jpg,la_1772910861489759643_20180506.jpg
la_2017_1465716022387763244_20170308.jpg,la_2017_1484380507700603320_20170402.jpg
la_2017_1495544927723423823_20170418.jpg,la_2017_1495576624681607806_20170418.jpg
la_2017_1482745187586640267_20170331.jpg,la_2017_1522215485218679390_20170525.jpg
la_2017_1525944823012611165_20170530.jpg,la_2017_1526280587048348385_20170530.jpg
la_2017_1600980466373407834_20170910.jpg,la_2017_1601665581698006502_20170911.jpg
la_2017_1617185249224298384_20171003.jpg,la_2017_1617185593309398414_20171003.jpg
la_2017_1617185249224298384_20171003.jpg,la_2017_1617186078321530255_20171003.jpg
la_2017_1644525659056517291_20171109.jpg,la_2017_1644690868461988576_20171110.jpg
houston_1860514554477713252_20180903.jpg,london_1861177434428977409_20180904.jpg
houston_1860514554477713252_20180903.jpg,london_1861582682056846583_20180905.jpg
houston_1861000968590829860_20180904.jpg,london_1863541343038446897_20180908.jpg
london_1866177312435064624_20180911.jpg,london_1866292604196869803_20180911.jpg
london_1870031012719189070_20180917.jpg,london_1874411170379605750_20180923.jpg
london_1871502632176900107_20180919.jpg,london_1876797408399482582_20180926.jpg
london_1875154845099789086_20180924.jpg,london_1877097631311001895_20180926.jpg
london_1865582326236700580_20180910.jpg,london_1877335718127000421_20180927.jpg
london_1875154845099789086_20180924.jpg,london_1878782663918945587_20180929.jpg
london_1856296251718807609_20180829.jpg,london_1880012588874218799_20180930.jpg
london_1880901515554429831_20181002.jpg,london_1880961160755239912_20181002.jpg
london_1865582326236700580_20180910.jpg,london_1881032652893314626_20181002.jpg
london_1856296251718807609_20180829.jpg,london_1881631691467450838_20181003.jpg
london_1880901515554429831_20181002.jpg,london_1883186939550033317_20181005.jpg
london_1865582326236700580_20180910.jpg,london_1883612689483499870_20181005.jpg
london_1920947685554443049_20181126.jpg,london_1942152438821025997_20181225.jpg
miami_1191743617226704708_20160224.jpg,miami_1192011673282742120_20160224.jpg
miami_1227916257232765054_20160414.jpg,miami_1227917246379766236_20160414.jpg
miami_1227916257232765054_20160414.jpg,miami_1227918085974474920_20160414.jpg
miami_1227916257232765054_20160414.jpg,miami_1228958510873133844_20160415.jpg
miami_1232252666668204340_20160420.jpg,miami_1232273567119917886_20160420.jpg
miami_1230089714255180547_20160417.jpg,miami_1235633303689277987_20160424.jpg
miami_1250830700428879548_20160515.jpg,miami_1250833792067135300_20160515.jpg
miami_1263019296312896087_20160601.jpg,miami_1263058888586722342_20160601.jpg
miami_1324301253618860999_20160825.jpg,miami_1324344440948763423_20160825.jpg
miami_1353208687049358151_20161003.jpg,miami_1353239088043605994_20161003.jpg
miami_1365312237027392669_20161020.jpg,miami_1365315231786442488_20161020.jpg
miami_1390948927671340640_20161125.jpg,miami_1390950143079394526_20161125.jpg
miami_1214465879598107664_20160326.jpg,miami_1442843480732597616_20170204.jpg
miami_1436256879780415361_20170126.jpg,miami_1458128849044221054_20170225.jpg
miami_1410420283206939699_20161221.jpg,miami_1458287070732886805_20170225.jpg
miami_1471424044829466736_20170316.jpg,miami_1471424743667611949_20170316.jpg
miami_1471424044829466736_20170316.jpg,miami_1471424892884049299_20170316.jpg
miami_1472625341309827060_20170317.jpg,miami_1472625912850990889_20170317.jpg
miami_1471424044829466736_20170316.jpg,miami_1478627906896014097_20170325.jpg
miami_1472000225320956974_20170316.jpg,miami_1482663472084755119_20170331.jpg
miami_1497085145500790272_20170420.jpg,miami_1497105678119151022_20170420.jpg
miami_1503704496374835217_20170429.jpg,miami_1503705010679298909_20170429.jpg
miami_1503704496374835217_20170429.jpg,miami_1504574885530374461_20170430.jpg
miami_1526234338344348709_20170530.jpg,miami_1536807635030323166_20170614.jpg
miami_1507399459751115673_20170504.jpg,miami_1537835491705270226_20170615.jpg
la_2017_1489110415471370254_20170409.jpg,miami_1545273811406735415_20170625.jpg
miami_1504640825593166270_20170430.jpg,miami_1553126477321991746_20170706.jpg
miami_1570710888980376736_20170731.jpg,miami_1573624998269162062_20170804.jpg
miami_1576855092941565707_20170808.jpg,miami_1576855720258548448_20170808.jpg
miami_1577675615933559857_20170809.jpg,miami_1577676192559293303_20170809.jpg
miami_1552625645304052619_20170706.jpg,miami_1578713964441782677_20170811.jpg
la_2017_1628114910955339868_20171018.jpg,miami_1590833655991675982_20170827.jpg
miami_1597949230163581336_20170906.jpg,miami_1597950335011673165_20170906.jpg
miami_1606077070173406490_20170917.jpg,miami_1607474521954550040_20170919.jpg
charlotte_1590105100102019262_20170826.jpg,miami_1610945445148506131_20170924.jpg
miami_1605385275748234888_20170916.jpg,miami_1610945673679558670_20170924.jpg
miami_1611639442178554554_20170925.jpg,miami_1650767549404635201_20171118.jpg
miami_1611639442178554554_20170925.jpg,miami_1652309444477235759_20171120.jpg
charlotte_1790878986441974787_20180530.jpg,miami_1652539962158344715_20171120.jpg
miami_1654945651547751025_20171124.jpg,miami_1654946623544266051_20171124.jpg
miami_1667546439334850624_20171211.jpg,miami_1667566072443724889_20171211.jpg
miami_1667949249494600376_20171212.jpg,miami_1671180170410654568_20171216.jpg
miami_1679369851405388971_20171227.jpg,miami_1679370946538184851_20171227.jpg
miami_1686586328153035242_20180106.jpg,miami_1686594562745588342_20180106.jpg
miami_1691520880863349072_20180113.jpg,miami_1691535896245821189_20180113.jpg
miami_1617429520749803959_20171003.jpg,miami_1720942867683333070_20180223.jpg
miami_1617429520749803959_20171003.jpg,miami_1720942901724434856_20180223.jpg
miami_1727040527201027943_20180303.jpg,miami_1728574896450355082_20180305.jpg
miami_1746805384739122554_20180331.jpg,miami_1746805751118091699_20180331.jpg
miami_1768163696229724161_20180429.jpg,miami_1768164853598825328_20180429.jpg
miami_1771835223522113627_20180504.jpg,miami_1771835977330298264_20180504.jpg
miami_1624840359296400126_20171013.jpg,miami_1792553110602976191_20180602.jpg
miami_1780429705586057692_20180516.jpg,miami_1794984179994379635_20180605.jpg
miami_1811439799824085214_20180628.jpg,miami_1811780104863617482_20180628.jpg
miami_1823624969123224624_20180715.jpg,miami_1823694442417021059_20180715.jpg
miami_1825465923202266932_20180717.jpg,miami_1825853911932694272_20180718.jpg
miami_1828810226296706286_20180722.jpg,miami_1833185923476485914_20180728.jpg
miami_1835601418535628267_20180731.jpg,miami_1836857254867909222_20180802.jpg
miami_1843225381471782946_20180811.jpg,miami_1843225822771353477_20180811.jpg
miami_1850564365625736894_20180821.jpg,miami_1850566329524657214_20180821.jpg
miami_1851075634655193789_20180821.jpg,miami_1851575768792753894_20180822.jpg
miami_1837235509290710969_20180802.jpg,miami_1852441403956952572_20180823.jpg
houston_1861000968590829860_20180904.jpg,miami_1861046110173588823_20180904.jpg
miami_1870994039077597157_20180918.jpg,miami_1871033229511828250_20180918.jpg
miami_1856060556504152604_20180828.jpg,miami_1875399556575724920_20180924.jpg
miami_1809694522861379088_20180625.jpg,miami_1917439088055874102_20181121.jpg
charlotte_1817849548853253455_20180707.jpg,miami_1943385799732797257_20181227.jpg
phoenix_1454438114650851081_20170220.jpg,phoenix_1458090956804051194_20170225.jpg
phoenix_1632683055040967093_20171024.jpg,phoenix_1632683551973456918_20171024.jpg
phoenix_1632683055040967093_20171024.jpg,phoenix_1632683817525130387_20171024.jpg
phoenix_1632683055040967093_20171024.jpg,phoenix_1632684158990307294_20171024.jpg
phoenix_1632683055040967093_20171024.jpg,phoenix_1632685528221469200_20171024.jpg
phoenix_1689384161385992718_20180110.jpg,phoenix_1778635011786046864_20180513.jpg
phoenix_1780158831219652380_20180516.jpg,phoenix_1780159609380473278_20180516.jpg
phoenix_1551853421468079520_20170705.jpg,phoenix_1816255816196405653_20180704.jpg
phoenix_1785873474814059941_20180523.jpg,phoenix_1840219375041048363_20180806.jpg
phoenix_1869083721131637585_20180915.jpg,phoenix_1869085405228751676_20180915.jpg
phoenix_1870929991022669142_20180918.jpg,phoenix_1870935899068869662_20180918.jpg
phoenix_1882095235778003549_20181003.jpg,phoenix_1882826114003535704_20181004.jpg
